model_name,window_count,avg_ending_capital,median_ending_capital,avg_profit_dollars,avg_cagr,median_cagr,avg_sharpe,median_sharpe,avg_sortino,avg_max_drawdown,avg_information_ratio,beat_baseline_windows,model_dim,training_lookback_days
transformer_d4_lb252,4,120519.83186947381,109542.23204537574,20519.831869473812,0.2071810386706048,0.10064169824331348,0.8235659106611841,0.5053167129089772,1.4094414042393397,-0.16481210049675696,-0.030835175481403423,2,4.0,252.0
transformer_d4_lb126,4,118385.36867657694,102903.8089154107,18385.36867657694,0.18497340873961074,0.03319131665159797,0.7082936175447319,0.2339079638654657,1.3131624391055787,-0.1752650627624309,-0.18839869454491556,1,4.0,126.0
transformer_d8_lb252,4,118038.79426867203,107414.42250554389,18038.794268672038,0.1825422294029132,0.07692929198103016,0.7861654262103784,0.46515777229049476,1.348222800752418,-0.1531467255422002,-0.07037619977676823,1,8.0,252.0
transformer_d8_lb126,4,115694.17114377364,102379.54833699786,15694.171143773638,0.1582747040514583,0.024395908199964844,0.747101368425646,0.20186272554547124,1.299127193793679,-0.1499117628878086,-0.11968357667233379,1,8.0,126.0
configured_baseline,4,115607.14729608857,108789.67024700079,15607.14729608857,0.1595204111403012,0.09000704756300543,0.7652202594637533,0.5198868295102785,1.2352738875478453,-0.16505770947996345,-0.04058410947238356,0,,
