model_name,window_count,avg_ending_capital,median_ending_capital,avg_profit_dollars,avg_cagr,median_cagr,avg_sharpe,median_sharpe,avg_sortino,avg_max_drawdown,avg_information_ratio,beat_baseline_windows
tree_walkforward,4,119182.62390700442,107721.64977460171,19182.623907004432,0.19193642576029982,0.08061126330663704,0.9151543138760797,0.4754503599376825,1.5191429629610727,-0.14434594597714082,0.20421684539058516,3
configured_baseline,4,115607.14729608857,108789.67024700079,15607.14729608857,0.1595204111403012,0.09000704756300543,0.7652202594637533,0.5198868295102785,1.2352738875478453,-0.16505770947996345,-0.04058410947238356,0
ridge_walkforward,4,113319.21820554859,106095.8812236425,13319.218205548586,0.13344968996102682,0.06489611124684663,0.6983672373865177,0.34173546258199605,1.1140073255329774,-0.15456303827485254,-0.21403385304385092,1
mlp_walkforward,4,112204.15988462527,105337.06139614285,12204.159884625271,0.12436156797712777,0.05870459505542919,0.7125048854312193,0.3184550456386268,1.1910780544895372,-0.1645941080680846,-0.34911654155883215,1
